"FullName","Length","LastWriteTime"
"D:\UPN\CICLO 10\Evo conf software\RRHH\RRHH\Reportes\de\DevExpress.Data.v11.2.resources.dll","168352","24/09/2012 15:39:30"
"D:\UPN\CICLO 10\Evo conf software\RRHH\RRHH\Reportes\de\DevExpress.PivotGrid.v11.2.Core.resources.dll","86432","24/09/2012 15:39:40"
"D:\UPN\CICLO 10\Evo conf software\RRHH\RRHH\Reportes\de\DevExpress.RichEdit.v11.2.Core.resources.dll","184736","24/09/2012 15:39:40"
"D:\UPN\CICLO 10\Evo conf software\RRHH\RRHH\Reportes\de\DevExpress.Utils.v11.2.resources.dll","33184","24/09/2012 15:39:36"
"D:\UPN\CICLO 10\Evo conf software\RRHH\RRHH\Reportes\de\DevExpress.XtraBars.v11.2.resources.dll","20384","24/09/2012 15:39:38"
"D:\UPN\CICLO 10\Evo conf software\RRHH\RRHH\Reportes\de\DevExpress.XtraCharts.v11.2.resources.dll","336288","24/09/2012 15:39:38"
"D:\UPN\CICLO 10\Evo conf software\RRHH\RRHH\Reportes\de\DevExpress.XtraEditors.v11.2.resources.dll","49568","24/09/2012 15:39:39"
"D:\UPN\CICLO 10\Evo conf software\RRHH\RRHH\Reportes\de\DevExpress.XtraGrid.v11.2.resources.dll","45472","24/09/2012 15:39:39"
"D:\UPN\CICLO 10\Evo conf software\RRHH\RRHH\Reportes\de\DevExpress.XtraLayout.v11.2.resources.dll","15264","24/09/2012 15:39:40"
"D:\UPN\CICLO 10\Evo conf software\RRHH\RRHH\Reportes\de\DevExpress.XtraPivotGrid.v11.2.resources.dll","9120","24/09/2012 15:39:40"
"D:\UPN\CICLO 10\Evo conf software\RRHH\RRHH\Reportes\de\DevExpress.XtraPrinting.v11.2.resources.dll","14752","24/09/2012 15:39:40"
"D:\UPN\CICLO 10\Evo conf software\RRHH\RRHH\Reportes\de\DevExpress.XtraReports.v11.2.Extensions.resources.dll","135584","24/09/2012 15:39:40"
"D:\UPN\CICLO 10\Evo conf software\RRHH\RRHH\Reportes\de\DevExpress.XtraReports.v11.2.resources.dll","156064","24/09/2012 15:39:40"
"D:\UPN\CICLO 10\Evo conf software\RRHH\RRHH\Reportes\de\DevExpress.XtraRichEdit.v11.2.resources.dll","98720","24/09/2012 15:39:40"
"D:\UPN\CICLO 10\Evo conf software\RRHH\RRHH\Reportes\de\DevExpress.XtraScheduler.v11.2.Core.resources.dll","61856","24/09/2012 15:39:40"
"D:\UPN\CICLO 10\Evo conf software\RRHH\RRHH\Reportes\de\DevExpress.XtraScheduler.v11.2.resources.dll","86432","24/09/2012 15:39:40"
"D:\UPN\CICLO 10\Evo conf software\RRHH\RRHH\Reportes\de\DevExpress.XtraTreeList.v11.2.resources.dll","14752","24/09/2012 15:39:41"
"D:\UPN\CICLO 10\Evo conf software\RRHH\RRHH\Reportes\de\DevExpress.XtraVerticalGrid.v11.2.resources.dll","10144","24/09/2012 15:39:41"
"D:\UPN\CICLO 10\Evo conf software\RRHH\RRHH\Reportes\es\DevExpress.Data.v11.2.resources.dll","172448","24/09/2012 15:39:30"
"D:\UPN\CICLO 10\Evo conf software\RRHH\RRHH\Reportes\es\DevExpress.PivotGrid.v11.2.Core.resources.dll","82336","24/09/2012 15:39:40"
"D:\UPN\CICLO 10\Evo conf software\RRHH\RRHH\Reportes\es\DevExpress.RichEdit.v11.2.Core.resources.dll","139680","24/09/2012 15:39:40"
"D:\UPN\CICLO 10\Evo conf software\RRHH\RRHH\Reportes\es\DevExpress.Utils.v11.2.resources.dll","33184","24/09/2012 15:39:36"
"D:\UPN\CICLO 10\Evo conf software\RRHH\RRHH\Reportes\es\DevExpress.XtraBars.v11.2.resources.dll","33184","24/09/2012 15:39:38"
"D:\UPN\CICLO 10\Evo conf software\RRHH\RRHH\Reportes\es\DevExpress.XtraCharts.v11.2.resources.dll","311712","24/09/2012 15:39:38"
"D:\UPN\CICLO 10\Evo conf software\RRHH\RRHH\Reportes\es\DevExpress.XtraEditors.v11.2.resources.dll","70048","24/09/2012 15:39:39"
"D:\UPN\CICLO 10\Evo conf software\RRHH\RRHH\Reportes\es\DevExpress.XtraGrid.v11.2.resources.dll","45472","24/09/2012 15:39:39"
"D:\UPN\CICLO 10\Evo conf software\RRHH\RRHH\Reportes\es\DevExpress.XtraLayout.v11.2.resources.dll","15264","24/09/2012 15:39:40"
"D:\UPN\CICLO 10\Evo conf software\RRHH\RRHH\Reportes\es\DevExpress.XtraPivotGrid.v11.2.resources.dll","9120","24/09/2012 15:39:40"
"D:\UPN\CICLO 10\Evo conf software\RRHH\RRHH\Reportes\es\DevExpress.XtraPrinting.v11.2.resources.dll","45472","24/09/2012 15:39:40"
"D:\UPN\CICLO 10\Evo conf software\RRHH\RRHH\Reportes\es\DevExpress.XtraReports.v11.2.Extensions.resources.dll","41376","24/09/2012 15:39:40"
"D:\UPN\CICLO 10\Evo conf software\RRHH\RRHH\Reportes\es\DevExpress.XtraReports.v11.2.resources.dll","160160","24/09/2012 15:39:40"
"D:\UPN\CICLO 10\Evo conf software\RRHH\RRHH\Reportes\es\DevExpress.XtraRichEdit.v11.2.resources.dll","74144","24/09/2012 15:39:40"
"D:\UPN\CICLO 10\Evo conf software\RRHH\RRHH\Reportes\es\DevExpress.XtraScheduler.v11.2.Core.resources.dll","61856","24/09/2012 15:39:41"
"D:\UPN\CICLO 10\Evo conf software\RRHH\RRHH\Reportes\es\DevExpress.XtraScheduler.v11.2.resources.dll","70048","24/09/2012 15:39:40"
"D:\UPN\CICLO 10\Evo conf software\RRHH\RRHH\Reportes\es\DevExpress.XtraTreeList.v11.2.resources.dll","14752","24/09/2012 15:39:41"
"D:\UPN\CICLO 10\Evo conf software\RRHH\RRHH\Reportes\es\DevExpress.XtraVerticalGrid.v11.2.resources.dll","10144","24/09/2012 15:39:41"
"D:\UPN\CICLO 10\Evo conf software\RRHH\RRHH\Reportes\ja\DevExpress.Data.v11.2.resources.dll","184736","24/09/2012 15:39:30"
"D:\UPN\CICLO 10\Evo conf software\RRHH\RRHH\Reportes\ja\DevExpress.PivotGrid.v11.2.Core.resources.dll","90528","24/09/2012 15:39:40"
"D:\UPN\CICLO 10\Evo conf software\RRHH\RRHH\Reportes\ja\DevExpress.RichEdit.v11.2.Core.resources.dll","188832","24/09/2012 15:39:40"
"D:\UPN\CICLO 10\Evo conf software\RRHH\RRHH\Reportes\ja\DevExpress.Utils.v11.2.resources.dll","33184","24/09/2012 15:39:36"
"D:\UPN\CICLO 10\Evo conf software\RRHH\RRHH\Reportes\ja\DevExpress.XtraBars.v11.2.resources.dll","41376","24/09/2012 15:39:38"
"D:\UPN\CICLO 10\Evo conf software\RRHH\RRHH\Reportes\ja\DevExpress.XtraCharts.v11.2.resources.dll","364960","24/09/2012 15:39:38"
"D:\UPN\CICLO 10\Evo conf software\RRHH\RRHH\Reportes\ja\DevExpress.XtraEditors.v11.2.resources.dll","74144","24/09/2012 15:39:39"
"D:\UPN\CICLO 10\Evo conf software\RRHH\RRHH\Reportes\ja\DevExpress.XtraGrid.v11.2.resources.dll","74144","24/09/2012 15:39:39"
"D:\UPN\CICLO 10\Evo conf software\RRHH\RRHH\Reportes\ja\DevExpress.XtraLayout.v11.2.resources.dll","15776","24/09/2012 15:39:40"
"D:\UPN\CICLO 10\Evo conf software\RRHH\RRHH\Reportes\ja\DevExpress.XtraPivotGrid.v11.2.resources.dll","9632","24/09/2012 15:39:40"
"D:\UPN\CICLO 10\Evo conf software\RRHH\RRHH\Reportes\ja\DevExpress.XtraPrinting.v11.2.resources.dll","45472","24/09/2012 15:39:40"
"D:\UPN\CICLO 10\Evo conf software\RRHH\RRHH\Reportes\ja\DevExpress.XtraReports.v11.2.Extensions.resources.dll","41376","24/09/2012 15:39:40"
"D:\UPN\CICLO 10\Evo conf software\RRHH\RRHH\Reportes\ja\DevExpress.XtraReports.v11.2.resources.dll","164256","24/09/2012 15:39:40"
"D:\UPN\CICLO 10\Evo conf software\RRHH\RRHH\Reportes\ja\DevExpress.XtraRichEdit.v11.2.resources.dll","78240","24/09/2012 15:39:40"
"D:\UPN\CICLO 10\Evo conf software\RRHH\RRHH\Reportes\ja\DevExpress.XtraScheduler.v11.2.Core.resources.dll","65952","24/09/2012 15:39:41"
"D:\UPN\CICLO 10\Evo conf software\RRHH\RRHH\Reportes\ja\DevExpress.XtraScheduler.v11.2.resources.dll","65952","24/09/2012 15:39:40"
"D:\UPN\CICLO 10\Evo conf software\RRHH\RRHH\Reportes\ja\DevExpress.XtraTreeList.v11.2.resources.dll","15264","24/09/2012 15:39:41"
"D:\UPN\CICLO 10\Evo conf software\RRHH\RRHH\Reportes\ja\DevExpress.XtraVerticalGrid.v11.2.resources.dll","10144","24/09/2012 15:39:41"
"D:\UPN\CICLO 10\Evo conf software\RRHH\RRHH\Reportes\ru\DevExpress.Data.v11.2.resources.dll","197024","24/09/2012 15:39:30"
"D:\UPN\CICLO 10\Evo conf software\RRHH\RRHH\Reportes\ru\DevExpress.PivotGrid.v11.2.Core.resources.dll","94624","24/09/2012 15:39:40"
"D:\UPN\CICLO 10\Evo conf software\RRHH\RRHH\Reportes\ru\DevExpress.RichEdit.v11.2.Core.resources.dll","209312","24/09/2012 15:39:40"
"D:\UPN\CICLO 10\Evo conf software\RRHH\RRHH\Reportes\ru\DevExpress.Utils.v11.2.resources.dll","49568","24/09/2012 15:39:36"
"D:\UPN\CICLO 10\Evo conf software\RRHH\RRHH\Reportes\ru\DevExpress.XtraBars.v11.2.resources.dll","37280","24/09/2012 15:39:38"
"D:\UPN\CICLO 10\Evo conf software\RRHH\RRHH\Reportes\ru\DevExpress.XtraCharts.v11.2.resources.dll","410016","24/09/2012 15:39:38"
"D:\UPN\CICLO 10\Evo conf software\RRHH\RRHH\Reportes\ru\DevExpress.XtraEditors.v11.2.resources.dll","78240","24/09/2012 15:39:39"
"D:\UPN\CICLO 10\Evo conf software\RRHH\RRHH\Reportes\ru\DevExpress.XtraGrid.v11.2.resources.dll","53664","24/09/2012 15:39:39"
"D:\UPN\CICLO 10\Evo conf software\RRHH\RRHH\Reportes\ru\DevExpress.XtraLayout.v11.2.resources.dll","16288","24/09/2012 15:39:40"
"D:\UPN\CICLO 10\Evo conf software\RRHH\RRHH\Reportes\ru\DevExpress.XtraPivotGrid.v11.2.resources.dll","9632","24/09/2012 15:39:40"
"D:\UPN\CICLO 10\Evo conf software\RRHH\RRHH\Reportes\ru\DevExpress.XtraPrinting.v11.2.resources.dll","37280","24/09/2012 15:39:40"
"D:\UPN\CICLO 10\Evo conf software\RRHH\RRHH\Reportes\ru\DevExpress.XtraReports.v11.2.Extensions.resources.dll","45472","24/09/2012 15:39:40"
"D:\UPN\CICLO 10\Evo conf software\RRHH\RRHH\Reportes\ru\DevExpress.XtraReports.v11.2.resources.dll","180640","24/09/2012 15:39:40"
"D:\UPN\CICLO 10\Evo conf software\RRHH\RRHH\Reportes\ru\DevExpress.XtraRichEdit.v11.2.resources.dll","94624","24/09/2012 15:39:40"
"D:\UPN\CICLO 10\Evo conf software\RRHH\RRHH\Reportes\ru\DevExpress.XtraScheduler.v11.2.Core.resources.dll","65952","24/09/2012 15:39:41"
"D:\UPN\CICLO 10\Evo conf software\RRHH\RRHH\Reportes\ru\DevExpress.XtraScheduler.v11.2.resources.dll","90528","24/09/2012 15:39:40"
"D:\UPN\CICLO 10\Evo conf software\RRHH\RRHH\Reportes\ru\DevExpress.XtraTreeList.v11.2.resources.dll","20896","24/09/2012 15:39:41"
"D:\UPN\CICLO 10\Evo conf software\RRHH\RRHH\Reportes\ru\DevExpress.XtraVerticalGrid.v11.2.resources.dll","10144","24/09/2012 15:39:41"
"D:\UPN\CICLO 10\Evo conf software\RRHH\RRHH\Reportes\ClassRRHH.dll","55808","03/01/2013 18:28:00"
"D:\UPN\CICLO 10\Evo conf software\RRHH\RRHH\Reportes\ClassRRHH.pdb","91648","03/01/2013 18:28:00"
"D:\UPN\CICLO 10\Evo conf software\RRHH\RRHH\Reportes\ClsCtrls.dll","58880","15/05/2008 8:21:02"
"D:\UPN\CICLO 10\Evo conf software\RRHH\RRHH\Reportes\Custom Featured MessageBox.dll","36864","15/12/2008 8:50:22"
"D:\UPN\CICLO 10\Evo conf software\RRHH\RRHH\Reportes\DevExpress.Charts.v11.2.Core.dll","181152","24/09/2012 15:39:38"
"D:\UPN\CICLO 10\Evo conf software\RRHH\RRHH\Reportes\DevExpress.Data.v11.2.dll","2680736","24/09/2012 15:39:30"
"D:\UPN\CICLO 10\Evo conf software\RRHH\RRHH\Reportes\DevExpress.PivotGrid.v11.2.Core.dll","995744","24/09/2012 15:39:40"
"D:\UPN\CICLO 10\Evo conf software\RRHH\RRHH\Reportes\DevExpress.Printing.v11.2.Core.dll","2006944","24/09/2012 15:39:35"
"D:\UPN\CICLO 10\Evo conf software\RRHH\RRHH\Reportes\DevExpress.Reports.v11.2.Designer.dll","47008","24/09/2012 15:39:40"
"D:\UPN\CICLO 10\Evo conf software\RRHH\RRHH\Reportes\DevExpress.RichEdit.v11.2.Core.dll","4915104","24/09/2012 15:39:40"
"D:\UPN\CICLO 10\Evo conf software\RRHH\RRHH\Reportes\DevExpress.Utils.v11.2.dll","3473824","24/09/2012 15:39:36"
"D:\UPN\CICLO 10\Evo conf software\RRHH\RRHH\Reportes\DevExpress.XtraBars.v11.2.dll","2570144","24/09/2012 15:39:38"
"D:\UPN\CICLO 10\Evo conf software\RRHH\RRHH\Reportes\DevExpress.XtraCharts.v11.2.dll","6955936","24/09/2012 15:39:38"
"D:\UPN\CICLO 10\Evo conf software\RRHH\RRHH\Reportes\DevExpress.XtraEditors.v11.2.Design.dll","215552","24/09/2012 15:39:38"
"D:\UPN\CICLO 10\Evo conf software\RRHH\RRHH\Reportes\DevExpress.XtraEditors.v11.2.dll","2001824","24/09/2012 15:39:39"
"D:\UPN\CICLO 10\Evo conf software\RRHH\RRHH\Reportes\DevExpress.XtraGrid.v11.2.dll","1946016","24/09/2012 15:39:39"
"D:\UPN\CICLO 10\Evo conf software\RRHH\RRHH\Reportes\DevExpress.XtraLayout.v11.2.dll","731040","24/09/2012 15:39:40"
"D:\UPN\CICLO 10\Evo conf software\RRHH\RRHH\Reportes\DevExpress.XtraPivotGrid.v11.2.dll","589216","24/09/2012 15:39:40"
"D:\UPN\CICLO 10\Evo conf software\RRHH\RRHH\Reportes\DevExpress.XtraPrinting.v11.2.Design.dll","56320","24/09/2012 15:39:40"
"D:\UPN\CICLO 10\Evo conf software\RRHH\RRHH\Reportes\DevExpress.XtraPrinting.v11.2.dll","672672","24/09/2012 15:39:40"
"D:\UPN\CICLO 10\Evo conf software\RRHH\RRHH\Reportes\DevExpress.XtraReports.v11.2.Design.dll","734208","24/09/2012 15:39:40"
"D:\UPN\CICLO 10\Evo conf software\RRHH\RRHH\Reportes\DevExpress.XtraReports.v11.2.dll","1166240","24/09/2012 15:39:40"
"D:\UPN\CICLO 10\Evo conf software\RRHH\RRHH\Reportes\DevExpress.XtraReports.v11.2.Extensions.dll","1668512","24/09/2012 15:39:40"
"D:\UPN\CICLO 10\Evo conf software\RRHH\RRHH\Reportes\DevExpress.XtraRichEdit.v11.2.dll","1551264","24/09/2012 15:39:40"
"D:\UPN\CICLO 10\Evo conf software\RRHH\RRHH\Reportes\DevExpress.XtraScheduler.v11.2.Core.dll","989600","24/09/2012 15:39:41"
"D:\UPN\CICLO 10\Evo conf software\RRHH\RRHH\Reportes\DevExpress.XtraScheduler.v11.2.dll","1586592","24/09/2012 15:39:40"
"D:\UPN\CICLO 10\Evo conf software\RRHH\RRHH\Reportes\DevExpress.XtraScheduler.v11.2.Reporting.Extensions.dll","56736","24/09/2012 15:39:40"
"D:\UPN\CICLO 10\Evo conf software\RRHH\RRHH\Reportes\DevExpress.XtraTreeList.v11.2.dll","700832","24/09/2012 15:39:41"
"D:\UPN\CICLO 10\Evo conf software\RRHH\RRHH\Reportes\DevExpress.XtraVerticalGrid.v11.2.dll","530848","24/09/2012 15:39:41"
"D:\UPN\CICLO 10\Evo conf software\RRHH\RRHH\Reportes\GRLL.Common.Rutinas.dll","12288","20/10/2008 10:18:27"
"D:\UPN\CICLO 10\Evo conf software\RRHH\RRHH\Reportes\GRLL.dll","2269184","28/10/2011 16:45:48"
"D:\UPN\CICLO 10\Evo conf software\RRHH\RRHH\Reportes\GRLL.pdb","5381632","28/10/2011 16:45:48"
"D:\UPN\CICLO 10\Evo conf software\RRHH\RRHH\Reportes\Interop.Microsoft.Office.Core.dll","442368","03/01/2013 18:28:01"
"D:\UPN\CICLO 10\Evo conf software\RRHH\RRHH\Reportes\Interop.VBIDE.dll","57344","03/01/2013 18:28:02"
"D:\UPN\CICLO 10\Evo conf software\RRHH\RRHH\Reportes\Microsoft.ReportViewer.Common.dll","3649536","31/07/2008 13:36:34"
"D:\UPN\CICLO 10\Evo conf software\RRHH\RRHH\Reportes\Microsoft.ReportViewer.WinForms.dll","339968","31/07/2008 13:36:34"
"D:\UPN\CICLO 10\Evo conf software\RRHH\RRHH\Reportes\RecursosHumanos.exe","2840064","11/07/2013 8:23:50"
"D:\UPN\CICLO 10\Evo conf software\RRHH\RRHH\Reportes\RecursosHumanos.exe.config","3650","03/01/2013 12:18:14"
"D:\UPN\CICLO 10\Evo conf software\RRHH\RRHH\Reportes\RecursosHumanos.pdb","1943040","11/07/2013 8:23:50"
"D:\UPN\CICLO 10\Evo conf software\RRHH\RRHH\Reportes\RecursosHumanos.vshost.exe","11608","11/07/2013 12:23:10"
"D:\UPN\CICLO 10\Evo conf software\RRHH\RRHH\Reportes\RecursosHumanos.vshost.exe.config","3650","03/01/2013 12:18:14"
"D:\UPN\CICLO 10\Evo conf software\RRHH\RRHH\Reportes\Seguridad.dll","16384","15/02/2010 12:03:34"
"D:\UPN\CICLO 10\Evo conf software\RRHH\RRHH\Reportes\Seguridad.pdb","40448","15/02/2010 12:03:34"
"D:\UPN\CICLO 10\Evo conf software\RRHH\RRHH\Reportes\System.Core.dll","667648","04/11/2010 20:53:30"
"D:\UPN\CICLO 10\Evo conf software\RRHH\RRHH\Reportes\System.Data.DataSetExtensions.dll","53248","20/11/2010 22:25:14"
"D:\UPN\CICLO 10\Evo conf software\RRHH\RRHH\Reportes\System.Data.dll","2927616","20/11/2010 22:24:08"
"D:\UPN\CICLO 10\Evo conf software\RRHH\RRHH\Reportes\System.Data.Linq.dll","684032","20/11/2010 22:25:14"
"D:\UPN\CICLO 10\Evo conf software\RRHH\RRHH\Reportes\System.Deployment.dll","970752","20/11/2010 22:24:32"
"D:\UPN\CICLO 10\Evo conf software\RRHH\RRHH\Reportes\System.Design.dll","4927488","12/12/2012 0:32:26"
"D:\UPN\CICLO 10\Evo conf software\RRHH\RRHH\Reportes\System.dll","3198976","05/10/2012 5:53:24"
"D:\UPN\CICLO 10\Evo conf software\RRHH\RRHH\Reportes\System.Drawing.dll","630784","05/10/2012 5:53:24"
"D:\UPN\CICLO 10\Evo conf software\RRHH\RRHH\Reportes\System.Windows.Forms.dll","5025792","12/12/2012 0:32:26"
"D:\UPN\CICLO 10\Evo conf software\RRHH\RRHH\Reportes\System.Xml.dll","2048000","20/11/2010 22:23:48"
"D:\UPN\CICLO 10\Evo conf software\RRHH\RRHH\Reportes\System.Xml.Linq.dll","139264","20/11/2010 22:25:14"
"D:\UPN\CICLO 10\Evo conf software\RRHH\RRHH\Reportes\TabStrip.dll","45056","28/11/2006 16:15:44"
"D:\UPN\CICLO 10\Evo conf software\RRHH\RRHH\temp\ClassRRHH.dll","65024","03/10/2013 17:24:38"
"D:\UPN\CICLO 10\Evo conf software\RRHH\RRHH\temp\ClassRRHH.pdb","93696","03/10/2013 17:24:38"
"D:\UPN\CICLO 10\Evo conf software\RRHH\RRHH\temp\ClsCtrls.dll","58880","15/05/2008 8:21:02"
"D:\UPN\CICLO 10\Evo conf software\RRHH\RRHH\temp\Custom Featured MessageBox.dll","36864","15/12/2008 8:50:22"
"D:\UPN\CICLO 10\Evo conf software\RRHH\RRHH\temp\DevExpress.Charts.v11.2.Core.dll","181152","24/09/2012 15:39:38"
"D:\UPN\CICLO 10\Evo conf software\RRHH\RRHH\temp\DevExpress.Data.v11.2.dll","2680736","24/09/2012 15:39:30"
"D:\UPN\CICLO 10\Evo conf software\RRHH\RRHH\temp\DevExpress.PivotGrid.v11.2.Core.dll","995744","24/09/2012 15:39:40"
"D:\UPN\CICLO 10\Evo conf software\RRHH\RRHH\temp\DevExpress.Printing.v11.2.Core.dll","2006944","24/09/2012 15:39:35"
"D:\UPN\CICLO 10\Evo conf software\RRHH\RRHH\temp\DevExpress.Reports.v11.2.Designer.dll","47008","24/09/2012 15:39:40"
"D:\UPN\CICLO 10\Evo conf software\RRHH\RRHH\temp\DevExpress.RichEdit.v11.2.Core.dll","4915104","24/09/2012 15:39:40"
"D:\UPN\CICLO 10\Evo conf software\RRHH\RRHH\temp\DevExpress.Utils.v11.2.dll","3473824","24/09/2012 15:39:36"
"D:\UPN\CICLO 10\Evo conf software\RRHH\RRHH\temp\DevExpress.XtraBars.v11.2.dll","2570144","24/09/2012 15:39:38"
"D:\UPN\CICLO 10\Evo conf software\RRHH\RRHH\temp\DevExpress.XtraCharts.v11.2.dll","6955936","24/09/2012 15:39:38"
"D:\UPN\CICLO 10\Evo conf software\RRHH\RRHH\temp\DevExpress.XtraEditors.v11.2.Design.dll","215552","24/09/2012 15:39:38"
"D:\UPN\CICLO 10\Evo conf software\RRHH\RRHH\temp\DevExpress.XtraEditors.v11.2.dll","2001824","24/09/2012 15:39:39"
"D:\UPN\CICLO 10\Evo conf software\RRHH\RRHH\temp\DevExpress.XtraGrid.v11.2.dll","1946016","24/09/2012 15:39:39"
"D:\UPN\CICLO 10\Evo conf software\RRHH\RRHH\temp\DevExpress.XtraLayout.v11.2.dll","731040","24/09/2012 15:39:40"
"D:\UPN\CICLO 10\Evo conf software\RRHH\RRHH\temp\DevExpress.XtraPivotGrid.v11.2.dll","589216","24/09/2012 15:39:40"
"D:\UPN\CICLO 10\Evo conf software\RRHH\RRHH\temp\DevExpress.XtraPrinting.v11.2.Design.dll","56320","24/09/2012 15:39:40"
"D:\UPN\CICLO 10\Evo conf software\RRHH\RRHH\temp\DevExpress.XtraPrinting.v11.2.dll","672672","24/09/2012 15:39:40"
"D:\UPN\CICLO 10\Evo conf software\RRHH\RRHH\temp\DevExpress.XtraReports.v11.2.Design.dll","734208","24/09/2012 15:39:40"
"D:\UPN\CICLO 10\Evo conf software\RRHH\RRHH\temp\DevExpress.XtraReports.v11.2.dll","1166240","24/09/2012 15:39:40"
"D:\UPN\CICLO 10\Evo conf software\RRHH\RRHH\temp\DevExpress.XtraReports.v11.2.Extensions.dll","1668512","24/09/2012 15:39:40"
"D:\UPN\CICLO 10\Evo conf software\RRHH\RRHH\temp\DevExpress.XtraRichEdit.v11.2.dll","1551264","24/09/2012 15:39:40"
"D:\UPN\CICLO 10\Evo conf software\RRHH\RRHH\temp\DevExpress.XtraScheduler.v11.2.Core.dll","989600","24/09/2012 15:39:41"
"D:\UPN\CICLO 10\Evo conf software\RRHH\RRHH\temp\DevExpress.XtraScheduler.v11.2.dll","1586592","24/09/2012 15:39:40"
"D:\UPN\CICLO 10\Evo conf software\RRHH\RRHH\temp\DevExpress.XtraScheduler.v11.2.Reporting.Extensions.dll","56736","24/09/2012 15:39:40"
"D:\UPN\CICLO 10\Evo conf software\RRHH\RRHH\temp\DevExpress.XtraTreeList.v11.2.dll","700832","24/09/2012 15:39:41"
"D:\UPN\CICLO 10\Evo conf software\RRHH\RRHH\temp\DevExpress.XtraVerticalGrid.v11.2.dll","530848","24/09/2012 15:39:41"
"D:\UPN\CICLO 10\Evo conf software\RRHH\RRHH\temp\GRLL.Common.Rutinas.dll","12288","20/10/2008 10:18:27"
"D:\UPN\CICLO 10\Evo conf software\RRHH\RRHH\temp\GRLL.dll","2269184","28/10/2011 16:45:48"
"D:\UPN\CICLO 10\Evo conf software\RRHH\RRHH\temp\GRLL.pdb","5381632","28/10/2011 16:45:48"
"D:\UPN\CICLO 10\Evo conf software\RRHH\RRHH\temp\Interop.Microsoft.Office.Core.dll","450560","03/10/2013 17:24:44"
"D:\UPN\CICLO 10\Evo conf software\RRHH\RRHH\temp\Interop.VBIDE.dll","57344","03/10/2013 17:24:47"
"D:\UPN\CICLO 10\Evo conf software\RRHH\RRHH\temp\Microsoft.ReportViewer.Common.dll","3649536","31/07/2008 13:36:34"
"D:\UPN\CICLO 10\Evo conf software\RRHH\RRHH\temp\Microsoft.ReportViewer.WinForms.dll","339968","31/07/2008 13:36:34"
"D:\UPN\CICLO 10\Evo conf software\RRHH\RRHH\temp\RecursosHumanos.exe","2792448","03/10/2013 17:24:55"
"D:\UPN\CICLO 10\Evo conf software\RRHH\RRHH\temp\RecursosHumanos.exe.config","3650","03/01/2013 12:18:14"
"D:\UPN\CICLO 10\Evo conf software\RRHH\RRHH\temp\RecursosHumanos.pdb","1943040","03/10/2013 17:24:55"
"D:\UPN\CICLO 10\Evo conf software\RRHH\RRHH\temp\RecursosHumanos.vshost.exe","21472","03/10/2013 17:22:42"
"D:\UPN\CICLO 10\Evo conf software\RRHH\RRHH\temp\RecursosHumanos.vshost.exe.config","3650","03/01/2013 12:18:14"
"D:\UPN\CICLO 10\Evo conf software\RRHH\RRHH\temp\Seguridad.dll","16384","15/02/2010 12:03:34"
"D:\UPN\CICLO 10\Evo conf software\RRHH\RRHH\temp\Seguridad.pdb","40448","15/02/2010 12:03:34"
"D:\UPN\CICLO 10\Evo conf software\RRHH\RRHH\temp\System.Core.dll","667648","04/11/2010 20:53:30"
"D:\UPN\CICLO 10\Evo conf software\RRHH\RRHH\temp\System.Data.DataSetExtensions.dll","53248","05/07/2012 21:01:01"
"D:\UPN\CICLO 10\Evo conf software\RRHH\RRHH\temp\System.Data.dll","2972672","05/07/2012 21:01:13"
"D:\UPN\CICLO 10\Evo conf software\RRHH\RRHH\temp\System.Data.Linq.dll","684032","14/05/2013 20:04:36"
"D:\UPN\CICLO 10\Evo conf software\RRHH\RRHH\temp\System.Deployment.dll","970752","05/07/2012 21:01:13"
"D:\UPN\CICLO 10\Evo conf software\RRHH\RRHH\temp\System.Design.dll","5062656","12/12/2012 18:03:54"
"D:\UPN\CICLO 10\Evo conf software\RRHH\RRHH\temp\System.dll","3198976","08/10/2012 21:23:11"
"D:\UPN\CICLO 10\Evo conf software\RRHH\RRHH\temp\System.Drawing.dll","630784","08/10/2012 21:23:11"
"D:\UPN\CICLO 10\Evo conf software\RRHH\RRHH\temp\System.Windows.Forms.dll","5025792","11/12/2012 18:09:49"
"D:\UPN\CICLO 10\Evo conf software\RRHH\RRHH\temp\System.Xml.dll","2052096","22/07/2013 17:09:08"
"D:\UPN\CICLO 10\Evo conf software\RRHH\RRHH\temp\System.Xml.Linq.dll","139264","05/07/2012 21:01:02"
"D:\UPN\CICLO 10\Evo conf software\RRHH\RRHH\temp\TabStrip.dll","45056","28/11/2006 16:15:44"
"D:\UPN\CICLO 10\Evo conf software\RRHH\RRHH\ClassRRHH.dll","55808","03/01/2013 18:28:00"
"D:\UPN\CICLO 10\Evo conf software\RRHH\RRHH\ClassRRHH.pdb","91648","03/01/2013 18:28:00"
"D:\UPN\CICLO 10\Evo conf software\RRHH\RRHH\ClsCtrls.dll","58880","15/05/2008 8:21:02"
"D:\UPN\CICLO 10\Evo conf software\RRHH\RRHH\Custom Featured MessageBox.dll","36864","15/12/2008 8:50:22"
"D:\UPN\CICLO 10\Evo conf software\RRHH\RRHH\DevExpress.Charts.v11.2.Core.dll","181152","31/07/2012 16:49:23"
"D:\UPN\CICLO 10\Evo conf software\RRHH\RRHH\DevExpress.Data.v11.2.dll","2680736","31/07/2012 16:49:00"
"D:\UPN\CICLO 10\Evo conf software\RRHH\RRHH\DevExpress.Data.v7.3.dll","573440","13/12/2007 14:38:11"
"D:\UPN\CICLO 10\Evo conf software\RRHH\RRHH\DevExpress.Data.v9.1.dll","800768","20/05/2009 2:10:32"
"D:\UPN\CICLO 10\Evo conf software\RRHH\RRHH\DevExpress.PivotGrid.v11.2.Core.dll","995744","31/07/2012 16:49:26"
"D:\UPN\CICLO 10\Evo conf software\RRHH\RRHH\DevExpress.Printing.v11.2.Core.dll","2006944","31/07/2012 16:49:13"
"D:\UPN\CICLO 10\Evo conf software\RRHH\RRHH\DevExpress.Reports.v11.2.Designer.dll","47008","31/07/2012 16:49:27"
"D:\UPN\CICLO 10\Evo conf software\RRHH\RRHH\DevExpress.RichEdit.v11.2.Core.dll","4915104","31/07/2012 16:49:28"
"D:\UPN\CICLO 10\Evo conf software\RRHH\RRHH\DevExpress.Utils.v11.2.dll","3473824","31/07/2012 16:49:18"
"D:\UPN\CICLO 10\Evo conf software\RRHH\RRHH\DevExpress.Utils.v7.3.dll","3792896","13/12/2007 14:38:19"
"D:\UPN\CICLO 10\Evo conf software\RRHH\RRHH\DevExpress.Utils.v9.1.dll","4084736","20/05/2009 2:10:34"
"D:\UPN\CICLO 10\Evo conf software\RRHH\RRHH\DevExpress.XtraBars.v11.2.dll","2570144","31/07/2012 16:49:23"
"D:\UPN\CICLO 10\Evo conf software\RRHH\RRHH\DevExpress.XtraBars.v7.3.dll","1613824","13/12/2007 14:38:53"
"D:\UPN\CICLO 10\Evo conf software\RRHH\RRHH\DevExpress.XtraBars.v9.1.dll","1714688","20/05/2009 2:10:44"
"D:\UPN\CICLO 10\Evo conf software\RRHH\RRHH\DevExpress.XtraCharts.v11.2.dll","6955936","31/07/2012 16:49:23"
"D:\UPN\CICLO 10\Evo conf software\RRHH\RRHH\DevExpress.XtraCharts.v7.3.dll","5033984","13/12/2007 14:39:38"
"D:\UPN\CICLO 10\Evo conf software\RRHH\RRHH\DevExpress.XtraCharts.v9.1.dll","5821952","20/05/2009 2:10:46"
"D:\UPN\CICLO 10\Evo conf software\RRHH\RRHH\DevExpress.XtraEditors.v11.2.Design.dll","215552","31/07/2012 16:49:24"
"D:\UPN\CICLO 10\Evo conf software\RRHH\RRHH\DevExpress.XtraEditors.v11.2.dll","2001824","31/07/2012 16:49:24"
"D:\UPN\CICLO 10\Evo conf software\RRHH\RRHH\DevExpress.XtraEditors.v7.3.Design.dll","253952","13/12/2007 14:38:36"
"D:\UPN\CICLO 10\Evo conf software\RRHH\RRHH\DevExpress.XtraEditors.v7.3.dll","1425408","13/12/2007 14:38:32"
"D:\UPN\CICLO 10\Evo conf software\RRHH\RRHH\DevExpress.XtraEditors.v9.1.Design.dll","218112","20/05/2009 2:10:46"
"D:\UPN\CICLO 10\Evo conf software\RRHH\RRHH\DevExpress.XtraEditors.v9.1.dll","1502208","20/05/2009 2:10:46"
"D:\UPN\CICLO 10\Evo conf software\RRHH\RRHH\DevExpress.XtraGrid.v11.2.dll","1946016","31/07/2012 16:49:25"
"D:\UPN\CICLO 10\Evo conf software\RRHH\RRHH\DevExpress.XtraGrid.v7.3.dll","1507328","13/12/2007 14:40:56"
"D:\UPN\CICLO 10\Evo conf software\RRHH\RRHH\DevExpress.XtraGrid.v9.1.dll","1665024","20/05/2009 2:10:48"
"D:\UPN\CICLO 10\Evo conf software\RRHH\RRHH\DevExpress.XtraLayout.v11.2.dll","731040","31/07/2012 16:49:25"
"D:\UPN\CICLO 10\Evo conf software\RRHH\RRHH\DevExpress.XtraLayout.v7.3.dll","598016","13/12/2007 14:40:47"
"D:\UPN\CICLO 10\Evo conf software\RRHH\RRHH\DevExpress.XtraLayout.v9.1.dll","664576","20/05/2009 2:10:48"
"D:\UPN\CICLO 10\Evo conf software\RRHH\RRHH\DevExpress.XtraPivotGrid.v11.2.dll","589216","31/07/2012 16:49:27"
"D:\UPN\CICLO 10\Evo conf software\RRHH\RRHH\DevExpress.XtraPrinting.v11.2.Design.dll","56320","31/07/2012 16:49:27"
"D:\UPN\CICLO 10\Evo conf software\RRHH\RRHH\DevExpress.XtraPrinting.v11.2.dll","672672","31/07/2012 16:49:27"
"D:\UPN\CICLO 10\Evo conf software\RRHH\RRHH\DevExpress.XtraPrinting.v7.3.Design.dll","57344","13/12/2007 14:39:13"
"D:\UPN\CICLO 10\Evo conf software\RRHH\RRHH\DevExpress.XtraPrinting.v7.3.dll","1540096","13/12/2007 14:39:11"
"D:\UPN\CICLO 10\Evo conf software\RRHH\RRHH\DevExpress.XtraPrinting.v9.1.Design.dll","52224","20/05/2009 2:10:48"
"D:\UPN\CICLO 10\Evo conf software\RRHH\RRHH\DevExpress.XtraPrinting.v9.1.dll","1518080","20/05/2009 2:10:48"
"D:\UPN\CICLO 10\Evo conf software\RRHH\RRHH\DevExpress.XtraReports.v11.2.Design.dll","734208","31/07/2012 16:49:27"
"D:\UPN\CICLO 10\Evo conf software\RRHH\RRHH\DevExpress.XtraReports.v11.2.dll","1166240","31/07/2012 16:49:28"
"D:\UPN\CICLO 10\Evo conf software\RRHH\RRHH\DevExpress.XtraReports.v11.2.Extensions.dll","1668512","31/07/2012 16:49:28"
"D:\UPN\CICLO 10\Evo conf software\RRHH\RRHH\DevExpress.XtraReports.v7.3.dll","2756608","13/12/2007 14:40:16"
"D:\UPN\CICLO 10\Evo conf software\RRHH\RRHH\DevExpress.XtraReports.v9.1.dll","2875392","20/05/2009 2:10:50"
"D:\UPN\CICLO 10\Evo conf software\RRHH\RRHH\DevExpress.XtraRichEdit.v11.2.dll","1551264","31/07/2012 16:49:28"
"D:\UPN\CICLO 10\Evo conf software\RRHH\RRHH\DevExpress.XtraRichEdit.v9.1.dll","2182144","20/05/2009 2:10:50"
"D:\UPN\CICLO 10\Evo conf software\RRHH\RRHH\DevExpress.XtraRichTextEdit.v7.3.dll","307200","13/12/2007 14:38:38"
"D:\UPN\CICLO 10\Evo conf software\RRHH\RRHH\DevExpress.XtraScheduler.v11.2.Core.dll","989600","31/07/2012 16:49:29"
"D:\UPN\CICLO 10\Evo conf software\RRHH\RRHH\DevExpress.XtraScheduler.v11.2.dll","1586592","31/07/2012 16:49:29"
"D:\UPN\CICLO 10\Evo conf software\RRHH\RRHH\DevExpress.XtraScheduler.v11.2.Reporting.Extensions.dll","56736","31/07/2012 16:49:29"
"D:\UPN\CICLO 10\Evo conf software\RRHH\RRHH\DevExpress.XtraScheduler.v7.3.dll","1306624","13/12/2007 14:41:16"
"D:\UPN\CICLO 10\Evo conf software\RRHH\RRHH\DevExpress.XtraScheduler.v9.1.dll","1428480","20/05/2009 2:10:50"
"D:\UPN\CICLO 10\Evo conf software\RRHH\RRHH\DevExpress.XtraTreeList.v11.2.dll","700832","31/07/2012 16:49:30"
"D:\UPN\CICLO 10\Evo conf software\RRHH\RRHH\DevExpress.XtraTreeList.v7.3.dll","610304","13/12/2007 14:38:46"
"D:\UPN\CICLO 10\Evo conf software\RRHH\RRHH\DevExpress.XtraTreeList.v9.1.dll","578560","20/05/2009 2:10:52"
"D:\UPN\CICLO 10\Evo conf software\RRHH\RRHH\DevExpress.XtraVerticalGrid.v11.2.dll","530848","31/07/2012 16:49:30"
"D:\UPN\CICLO 10\Evo conf software\RRHH\RRHH\DevExpress.XtraVerticalGrid.v7.3.dll","442368","13/12/2007 14:38:40"
"D:\UPN\CICLO 10\Evo conf software\RRHH\RRHH\DevExpress.XtraVerticalGrid.v9.1.dll","445440","20/05/2009 2:10:52"
"D:\UPN\CICLO 10\Evo conf software\RRHH\RRHH\GRLL.Common.Rutinas.dll","12288","20/10/2008 10:18:27"
"D:\UPN\CICLO 10\Evo conf software\RRHH\RRHH\GRLL.Common.Rutinas.pdb","24064","02/03/2009 12:07:55"
"D:\UPN\CICLO 10\Evo conf software\RRHH\RRHH\GRLL.dll","2269184","28/10/2011 16:45:48"
"D:\UPN\CICLO 10\Evo conf software\RRHH\RRHH\GRLL.pdb","5381632","28/10/2011 16:45:48"
"D:\UPN\CICLO 10\Evo conf software\RRHH\RRHH\Interop.Excel.dll","1093632","27/05/2009 14:28:47"
"D:\UPN\CICLO 10\Evo conf software\RRHH\RRHH\Interop.Microsoft.Office.Core.dll","442368","03/01/2013 18:28:01"
"D:\UPN\CICLO 10\Evo conf software\RRHH\RRHH\Interop.VBIDE.dll","57344","03/01/2013 18:28:02"
"D:\UPN\CICLO 10\Evo conf software\RRHH\RRHH\Microsoft.ReportViewer.Common.dll","3649536","29/07/2008 14:09:54"
"D:\UPN\CICLO 10\Evo conf software\RRHH\RRHH\Microsoft.ReportViewer.WinForms.dll","339968","29/07/2008 14:09:54"
"D:\UPN\CICLO 10\Evo conf software\RRHH\RRHH\RecursosHumanos.exe","2839040","03/01/2013 18:28:05"
"D:\UPN\CICLO 10\Evo conf software\RRHH\RRHH\RecursosHumanos.exe.config","3687","05/09/2026 16:35:47"
"D:\UPN\CICLO 10\Evo conf software\RRHH\RRHH\RecursosHumanos.pdb","1940992","03/01/2013 18:28:05"
"D:\UPN\CICLO 10\Evo conf software\RRHH\RRHH\RecursosHumanos.vshost.exe","11608","03/01/2013 18:27:46"
"D:\UPN\CICLO 10\Evo conf software\RRHH\RRHH\RecursosHumanos.vshost.exe.config","3650","09/01/2012 10:38:14"
"D:\UPN\CICLO 10\Evo conf software\RRHH\RRHH\Seguridad.dll","16384","15/02/2010 12:03:34"
"D:\UPN\CICLO 10\Evo conf software\RRHH\RRHH\Seguridad.pdb","40448","15/02/2010 12:03:34"
"D:\UPN\CICLO 10\Evo conf software\RRHH\RRHH\System.Core.dll","667648","10/06/2009 16:14:41"
"D:\UPN\CICLO 10\Evo conf software\RRHH\RRHH\System.Data.DataSetExtensions.dll","53248","10/06/2009 16:14:41"
"D:\UPN\CICLO 10\Evo conf software\RRHH\RRHH\System.Data.dll","2933248","10/06/2009 16:23:17"
"D:\UPN\CICLO 10\Evo conf software\RRHH\RRHH\System.Data.Linq.dll","684032","10/06/2009 16:14:42"
"D:\UPN\CICLO 10\Evo conf software\RRHH\RRHH\System.Deployment.dll","970752","10/06/2009 16:23:17"
"D:\UPN\CICLO 10\Evo conf software\RRHH\RRHH\System.Design.dll","4927488","10/06/2009 16:23:18"
"D:\UPN\CICLO 10\Evo conf software\RRHH\RRHH\System.dll","3178496","04/05/2011 17:34:29"
"D:\UPN\CICLO 10\Evo conf software\RRHH\RRHH\System.Drawing.dll","626688","10/06/2009 16:23:18"
"D:\UPN\CICLO 10\Evo conf software\RRHH\RRHH\System.Windows.Forms.dll","5025792","29/03/2011 17:31:57"
"D:\UPN\CICLO 10\Evo conf software\RRHH\RRHH\System.Xml.dll","2048000","10/06/2009 16:23:20"
"D:\UPN\CICLO 10\Evo conf software\RRHH\RRHH\System.Xml.Linq.dll","139264","10/06/2009 16:14:45"
"D:\UPN\CICLO 10\Evo conf software\RRHH\RRHH\TabStrip.dll","45056","28/11/2006 16:15:44"
